ID,score
1,8.959841839818697
2,8.969249699378398
3,6.029931954885888
4,9.012559579006936
5,8.932414197619464
6,8.960445190155596
7,6.089746495570267
8,6.077265900126839
9,6.069179908684966
10,6.034837849755877
11,9.044349537662283
12,6.06747553578641
13,9.027532224628532
14,8.986724788032122
15,5.984028970360503
16,6.045731814331895
17,9.008503828430655
18,9.025307210574942
19,8.972735818840802
20,8.992840383998926
21,8.8870929254969
22,6.0365756681372575
23,9.049209578677049
24,8.920933727938236
25,6.118920450581585
26,9.03180320326962
27,8.965841553396103
28,6.101347790635181
29,8.999647033302331
30,9.04642054908647
31,8.922980585505249
32,8.921634895013447
33,9.077950639517933
34,6.116117657945188
35,8.896740400635522
36,9.055027777801053
37,9.038240128338845
38,6.0683156247908805
39,9.049244035635201
40,9.010421802594223
41,9.003468423252512
42,9.150708403866535
43,9.055751503471841
44,8.959730333501355
45,9.054369448911636
46,9.03985935632756
47,9.004494428912597
48,8.93594679838023
49,9.035129723267582
50,5.867187687222231
51,9.025796584536218
52,8.931186193416227
53,6.014591284152039
54,8.941095655488727
55,6.034743786945334
56,9.112757219649087
57,9.06073318644115
58,9.056027155642912
59,6.069935900722225
60,8.991781299227704
61,6.078059049221668
62,8.947074059307838
63,6.085673147049489
64,8.96766647271271
65,6.01070134559913
66,5.914583135120751
67,8.980871680777568
68,6.0962086360125625
69,8.94982742592713
70,5.97969454211103
71,9.041752130321738
72,6.006718953991814
73,9.00444416729564
74,6.061822915543035
75,6.015626759131428
76,9.05244202165915
77,6.124907436457175
78,9.113725720902517
79,9.01768184370189
80,9.01496834341759
81,8.960431863716662
82,9.023688850464238
83,8.930969956329852
84,9.178786077074038
85,8.960691470835267
86,6.010077745262374
87,6.080158977880252
88,8.91257010952107
89,6.027363282593663
90,8.939353255864683
91,8.979979007006397
92,9.048078875688176
93,8.981765116917497
94,6.069698340632154
95,9.002201464493021
96,8.909958314610181
97,8.930429564052018
98,9.022402550909693
99,6.084706916000617
100,9.224749871681407
101,9.06948922370369
102,8.921855360498977
103,9.024316200728656
104,9.001564629032499
105,6.158396846394479
106,6.072112957270382
107,9.029807424292066
108,5.992638634462892
109,5.923218146441387
110,5.956585447383059
111,2.2792009584481563
112,6.037334542076357
113,9.010129642455967
114,9.049811899522147
115,6.134576324402797
116,8.978889907778216
117,8.863090957271137
118,9.271369556111985
119,9.104674834276267
120,6.111400464089299
121,8.932939905788261
122,8.994329793597304
123,9.070817840728171
124,9.03601881708393
125,8.992553374578204
126,2.496567833507185
127,6.055379298332866
128,9.041055306641946
129,9.167224938100741
130,6.043744891123179
131,8.904650515130182
132,9.005195336490182
133,9.093380894488503
134,9.083023152019091
135,9.050325869233486
136,5.931411917156621
137,9.106024758582839
138,8.911949625711555
139,5.997814399096459
140,9.041522363358222
141,2.472715126819574
142,8.973369397866609
143,9.007915468734133
144,6.091882285941562
145,8.895714743664554
146,6.067498178344438
147,9.093492460960556
148,9.018015593799117
149,6.146291622513035
150,9.026144401752205
151,8.92948186509382
152,8.997135766847084
153,8.903849465406799
154,9.079272254131322
155,6.115378022130928
156,9.004826274247959
157,8.936055758082954
158,6.044496057784993
159,8.957854177746915
160,8.957676237849803
161,8.996202045917919
162,9.004630976959485
163,9.059674312103116
164,9.01944002178667
165,9.011770359798689
166,9.026056252422801
167,6.063228200889471
168,9.24507377211204
169,8.977184408462238
170,6.170101460660403
171,9.031440787862467
172,6.047542261282769
173,8.960063845806733
174,9.091394148096809
175,8.974175970665002
176,6.033819980029284
177,6.091890749128586
178,8.975224549010663
179,6.02641271860119
180,9.019927051278682
181,8.962330424391274
182,9.058434002164503
183,8.983470054145924
184,9.030458326379117
185,9.009079077737747
186,8.994351048614783
187,9.00535963552272
188,6.07356678764874
189,8.997698083525604
190,9.037162754245081
191,8.987544150118467
192,9.013932202289736
193,2.241998346929896
194,9.019847735861942
195,8.967467413488198
196,6.075396999008271
197,9.141197892690094
198,8.992512026167514
199,9.027407692510128
200,9.053922004206013
201,8.911044833478385
202,8.939055709475866
203,6.062662887262969
204,9.01753961613006
205,8.991509047803206
206,6.110218230433004
207,6.069946162731382
208,9.099417520651505
209,6.001915893996698
210,8.920562319193031
211,8.9233894550022
212,9.009498781574742
213,9.00255960467546
214,8.875458025069838
215,9.02488908215393
216,9.112546302839146
217,9.005258427132578
218,9.049413816406044
219,9.042662617793523
220,9.016752407599128
221,6.1303566778580745
222,8.964668644664789
223,6.045214556280754
224,6.144419193682712
225,8.845094864456424
226,8.970653738740507
227,5.980654186082553
228,8.990253338573064
229,6.029097178298156
230,9.026201625101317
231,5.917201468959087
232,9.11307857605987
233,6.112606548373179
234,5.940175544942145
235,8.964587434335183
236,9.113045810558464
237,8.923426388727556
238,9.178671396490962
239,6.133662426779691
240,9.024232822970664
241,8.971032135005233
242,9.00097504216052
243,9.035474843848531
244,8.74126369079698
245,8.974205647377168
246,2.301343239876955
247,8.964173220572977
248,9.02229984868986
249,9.016194611236326
250,9.006886733213342
251,9.0100610492385
252,8.991431522304811
253,8.920149847640285
254,9.105458260859454
255,6.037764466298642
256,8.92413868612657
257,9.057751840002487
258,9.056218329162085
259,6.041624667845559
260,8.907490533690646
261,9.024594522612201
262,8.897090755031359
263,6.113612159712281
264,9.029133548237223
265,8.95663985423344
266,6.069825803050071
267,6.031578300337522
268,6.124218730852791
269,6.0023374126768605
270,8.989943931918448
271,9.012086795360192
272,8.952075675211725
273,2.4685596968536534
274,6.029653252867651
275,6.0134086500873964
276,8.987240934390131
277,8.982755708488416
278,8.920128283136464
279,8.904774163280585
280,9.072368582982305
281,9.021198912469313
282,9.002969121489015
283,9.041785879062813
284,8.997880766914227
285,6.035392088355537
286,8.969604774127
287,9.137143367257435
288,9.011658554896323
289,8.93041528546687
290,9.040430433235967
291,8.903606609667811
292,9.018816326175077
293,9.011513211701462
294,8.95736594099073
295,8.980322792113492
296,8.9974346353194
297,6.060284915796263
298,6.120002574526573
299,9.10084945243537
300,9.02593513588619
301,9.013525040795766
302,6.046715065686435
303,6.094341359598818
304,8.97088039847736
305,9.054200724853308
306,9.065278886228516
307,6.02360803895922
308,8.909472269927088
309,8.91989032385107
310,9.047186252108363
311,8.910443490787324
312,6.0441051575388896
313,8.992822561303822
314,8.986530881734726
315,6.158208859684931
316,9.069416171211326
317,2.2121352935221825
318,8.911338551512328
319,5.998954040301633
320,6.0861017660907475
321,5.947910827538213
322,9.032024203494059
323,9.037890341307651
324,6.065479717528863
325,9.04961436923335
326,9.010053637636023
327,8.954708980383456
328,6.080504267520076
329,8.892384467225
330,8.933248283600683
331,9.058995961660173
332,8.970188524978592
333,9.05208033417025
334,6.077649741478609
335,8.945333124736322
336,8.948052697892068
337,9.112490087854724
338,6.074316869204447
339,9.006998195350093
340,6.065971216968043
341,8.948425591687883
342,9.026864799708202
343,6.00169700433585
344,9.10001220062718
345,6.010960104462619
346,8.912188611403629
347,8.929582198576824
348,8.953236720849445
349,9.04780808647564
350,5.9801907652669115
351,6.08249063634329
352,5.9963650083815505
353,6.109511404710389
354,8.928052736028853
355,8.973570348886971
356,8.996607267282569
357,6.0715263135849655
358,8.890767242159344
359,8.991379283514622
360,9.071916905289816
361,8.945420837632081
362,9.030198266096098
363,8.923277768784704
364,8.999798851221732
365,6.005030513128276
366,9.026474821471304
367,8.977044129411434
368,9.126666154037036
369,8.944052351532218
370,8.901775706805767
371,8.981362790572387
372,6.067328153700129
373,8.91453563161281
374,8.99944816807419
375,6.087155010037809
376,8.98672924382805
377,9.052291801091227
378,8.91534269138338
379,9.093540890937575
380,9.009730100386774
381,6.071078650931742
382,8.941733712126737
383,8.990671757343181
384,9.031517184921514
385,9.063975552643692
386,8.971225201945758
387,9.702549070739908
388,9.035382107165823
389,6.066445893912482
390,9.02100958088553
391,6.108282475193203
392,6.076198354219718
393,8.958083831235076
394,6.0389878763459945
395,6.092524460156191
396,8.998772628957232
397,9.016150623284654
398,6.086278232393918
399,9.32135964845253
400,8.943956852704963
401,9.076542965463155
402,2.333183251575717
403,8.980731262100072
404,8.975809971628061
405,6.702206599806935
406,8.960639327942253
407,9.063168323272013
408,9.04898279732791
409,6.103871895935207
410,9.021097400719533
411,8.992038236142761
412,6.0896328397506725
413,6.112110412580238
414,8.99423260062574
415,8.904115955255868
416,9.110432738312937
417,9.012373768420195
418,6.061920020053529
419,9.08430179208779
420,9.0379611602039
421,8.908672063400687
422,6.129334212741017
423,5.945180801578078
424,8.983307207099571
425,8.955008013790207
426,8.99213220272945
427,9.039474827518822
428,6.002067433382538
429,8.919024673420873
430,8.89744872850099
431,9.010747262514345
432,9.065082372533084
433,8.94370957292601
434,8.86121579867361
435,9.089755573781327
436,8.997144925178732
437,8.956646533679194
438,6.010492551505802
439,9.072538836649688
440,6.071354253309682
441,8.997651883925878
442,8.958316622396097
443,9.087940046303133
444,9.09540877956255
445,8.933738463127208
446,8.972106645546411
447,8.988923157710095
448,9.012771073336667
449,9.005458316762446
450,8.976212561450199
451,9.691590166531121
452,6.079459702336832
453,9.12349200880592
454,9.006062350889177
455,8.904301791875577
456,9.06001333503244
457,8.977996299506529
458,8.996611185773725
459,8.921136685780166
460,9.026163316348171
461,8.954973062151113
462,2.3466461652963058
463,6.127215281705036
464,6.059623162863384
465,6.073236808255525
466,8.911485194808114
467,8.955299707709843
468,8.93699447092698
469,8.890203208110666
470,9.02268147777634
471,8.941214187626022
472,9.171607214001504
473,9.04860233068868
474,9.00754852950586
475,8.963983171382736
476,5.93605023338729
477,8.89960922908032
478,6.036891264367507
479,5.9288806191138965
480,6.010930563522821
481,8.909760236097947
482,9.028352088018185
483,6.093641163337285
484,9.019809683302853
485,6.09014911483043
486,8.997698083525604
487,9.073585490666071
488,8.913441908108345
489,8.970497600139069
490,9.03241957991398
491,8.947505872590012
492,9.056117469142578
493,8.920121366195158
494,5.996917929825434
495,8.987225059483
496,9.00732788721453
497,9.007970517763743
498,6.0557620666069285
499,9.003196015248628
500,8.938277159504183
501,2.3448819528880445
502,9.198265751548435
503,8.973854973043743
504,5.994030517117917
505,9.038948182470792
506,9.00840414726477
507,9.020075522017756
508,9.013003417602011
509,9.039350068823385
510,6.017132654576213
511,8.902737546212023
512,8.98296253854204
513,9.00066182090848
514,9.033923164672935
515,9.16802871499393
516,8.992914228809157
517,6.021403083076158
518,9.108376761198988
519,8.935217595811615
520,6.039247021589775
521,8.879832845392386
522,9.024781526057462
523,8.959592099533566
524,8.916700292807306
525,9.029926580510867
526,9.18264259654045
527,8.965735063148117
528,6.016431812202805
529,8.906098731918046
530,5.995755900176575
531,9.073136842430667
532,5.974619640675824
533,6.107737190272433
534,6.0829179630377155
535,8.977915339222614
536,8.977601673808238
537,6.062412976606362
538,6.095795552358574
539,8.92242362629877
540,9.020100970233504
541,8.948394550489922
542,8.962296472263883
543,6.078710557797137
544,8.985417693569811
545,8.991022470648733
546,6.1239517216226345
547,9.046095119456371
548,9.034181785569343
549,9.007635889116605
550,5.87447531509147
551,8.880680367503285
552,9.057345096901669
553,8.93752314897869
554,6.103433970231991
555,8.916886337695518
556,6.077608540495507
557,9.137216360427889
558,6.129197203935769
559,8.995911166508455
560,9.091541489456647
561,9.029992010306094
562,6.153709489390718
563,8.967215068555365
564,9.062046099722341
565,5.924101434522817
566,8.959531248915237
567,9.168367603425395
568,8.949610698501148
569,9.009936622857333
570,8.956034957898119
571,8.926477703100566
572,2.5023716445253714
573,6.08949048740039
574,8.970844648979613
575,6.08048988365767
576,6.082243943382743
577,6.015397752292539
578,9.014795069933484
579,6.10904621510721
580,2.2880194455250074
581,9.03958733112196
582,8.971850036167483
583,8.864386694202283
584,6.0409122658835726
585,9.116486648479587
586,9.043429148208231
587,9.011480234525381
588,9.047444312885881
589,6.0488076682505705
590,6.021305339960044
591,9.057699259269082
592,9.050763113787163
593,9.054435572332583
594,5.9572304529923
595,6.046475486294817
596,8.980787260058804
597,6.111562268813129
598,8.902062760775163
599,8.994565713943553
600,8.998514170250077
601,9.127357661559865
602,6.037785966494138
603,8.929263864269524
604,5.9042452464204995
605,6.030894767261303
606,9.029792582277722
607,8.921021617667975
608,8.984346979271114
609,6.104328119973461
610,9.02628359491894
611,9.026702154299187
612,6.084079516293679
613,9.054905702577482
614,9.021015981647418
615,6.015409833585743
616,6.070994331196907
617,5.997991396188808
618,8.945248903276147
619,9.015026945613238
620,2.4861862379279107
621,8.997109277816039
622,6.112800507035903
623,8.986857387777071
624,6.011354870417976
625,9.019898740394499
626,9.081660413081266
627,9.01143411383423
628,8.942675424075118
629,8.965466053994408
630,8.956722134019525
631,6.0194831116597625
632,8.949644842839344
633,6.039550882567018
634,6.077667005845979
635,8.950205225667997
636,9.143142710384563
637,8.96845656905649
638,8.910211263133874
639,8.978377244912235
640,6.065008180814639
641,8.99030173715356
642,6.041734085899663
643,9.065146246781847
644,9.046431370550062
645,8.865160900330501
646,5.9401182939255825
647,9.026787988265598
648,9.007935020884013
649,8.98096055845305
650,9.033755289402759
651,9.088106245583292
652,2.344389573300712
653,6.059600754560675
654,8.966942893822576
655,8.92023053323421
656,8.942479505481506
657,8.928949553195595
658,9.038232716974788
659,9.004149034437855
660,9.108991377909012
661,8.997173641998328
662,9.068513858068602
663,9.101491112400947
664,6.1473402293745725
665,8.98270211201185
666,9.03942642698231
667,6.034655820136826
668,8.940246128110516
669,9.055128422643522
670,9.077435514909121
671,8.908830493066937
672,9.038623687945586
673,2.2755645141987477
674,9.699001827867528
675,8.948160893769732
676,9.025473876371079
677,9.017358584594573
678,6.082724601130216
679,9.01675101389046
680,9.006598471325246
681,9.031455043421143
682,8.92965736126881
683,8.874994552574297
684,5.9614380322225005
685,8.929096575389357
686,8.931096307096535
687,5.937397569272754
688,8.983887793307286
689,6.027347227028448
690,8.97650869433659
691,9.030265509122305
692,6.068743536139655
693,9.024123114340318
694,9.04008338835688
695,9.193902596802388
696,5.907308068485683
697,9.0070267519634
698,8.914166133287587
699,8.999115539689662
700,8.91408365302274
701,9.022543136850508
702,9.00532978745667
703,6.092724569035706
704,8.987735399778911
705,6.0851049577506995
706,6.05021242978931
707,8.942389347587726
708,8.963019302176303
709,8.896525525477578
710,9.069152640428422
711,9.008996049870015
712,9.000677454438476
713,8.955362150086273
714,9.125214320161943
715,1.9800320233938677
716,8.935643441471159
717,6.106649577697221
718,6.06721232122307
719,8.964406170759064
720,8.90344870718527
721,9.056240844577589
722,9.031514113177721
723,9.012436622946028
724,6.145514120057493
725,8.995709433742798
726,8.914409560823877
727,8.954665508258294
728,8.903748194664258
729,9.07695382674311
730,9.029147682108674
731,8.962004019675964
732,6.009821001770335
733,6.0133806838559005
734,9.076997369600205
735,8.965546112242938
736,6.129543469485801
737,8.907725315660276
738,6.048014820748411
739,8.989930161882592
740,8.965476982419265
741,8.940276126798203
742,8.94319894996603
743,9.047127086950834
744,8.95748666812003
745,8.975278083709435
746,9.045187685759945
747,8.978046488839075
748,6.079261992507069
749,8.981059558819885
750,9.03910578974533
751,8.967763621023407
752,5.946477704623571
753,8.990774069541706
754,5.985406746124713
755,9.032704507595867
756,8.980728229605454
757,8.979320593334055
758,6.058256657875445
759,5.994247057286714
760,6.072612113789861
761,8.997749028088796
762,9.205393778762868
763,6.081123643677909
764,5.981360714646146
765,9.031887071478806
766,6.082251345814948
767,8.902013508920788
768,8.925594033488894
769,6.022824142939172
770,9.038063387067421
771,6.0260221710788
772,8.976465679425631
773,9.014452143391832
774,8.98710612712541
775,8.942896865116111
776,8.971165559959012
777,8.962006962253053
778,9.089825853539729
779,9.093261036268741
780,9.074464515262878
781,9.081749050851908
782,9.078717465719844
783,8.96678042258241
784,8.971532414604736
785,9.093159068952906
786,9.025584992915785
787,8.981578939738506
788,8.904500050185138
789,9.087121058584898
790,8.997781420588664
791,9.039518448364655
792,5.960023449278585
793,8.951246877941431
794,9.057337710550577
795,9.02639166645277
796,6.130561687890863
797,8.866765913925693
798,8.970485428853621
799,8.970897460448434
800,9.002525463869398
801,6.032110835560199
802,8.95650063990149
803,6.041864185305363
804,9.041376558052725
805,9.008923783890966
806,6.058185643093762
807,9.005869018238661
808,9.049329015580906
809,6.042474007786658
810,9.046402168130957
811,9.033523049702012
812,5.986698672443969
813,2.345829570328301
814,8.952732903925057
815,9.04141829844983
816,9.031101258383135
817,8.991368109112747
818,8.991578384492906
819,9.037123692828898
820,8.987108456016616
821,5.941787715148837
822,9.099743947043896
823,9.084314095662277
824,8.906100086781269
825,8.938180072706194
826,2.405725172849058
827,8.997816687926733
828,9.038281104667728
829,6.039924407892489
830,9.056355502824607
831,6.127965230981799
832,9.084338838158605
833,8.924411687373683
834,6.051420320742624
835,1.8925203447463304
836,9.028043846010194
837,9.022755794721993
838,8.95596316521229
839,6.086656697884411
840,8.994514021087907
841,6.01346890390262
842,8.932626637087449
843,9.076342192120963
844,8.91950169551502
845,6.0386862975794156
846,6.027913036072912
847,6.137086673908466
848,8.982072967732886
849,6.107836116453548
850,9.019359493607121
851,9.038645958298988
852,6.106405372234569
853,6.048532002947145
854,8.964702136006448
855,2.5152883726211877
856,8.991130707045087
857,9.062746147152744
858,9.091893824345247
859,6.086847959308539
860,6.036877716326307
861,6.052077822770329
862,9.069149147203456
863,6.015990911803858
864,9.051413912417805
865,9.0297309050523
866,8.951155276667023
867,9.00292861679758
868,8.889468002361253
869,8.925085131569437
870,9.000829066703092
871,8.986421648089557
872,9.038617500974585
873,9.030617376781409
874,9.0155820906575
875,8.953356481496566
876,6.082475741878598
877,6.005244216619824
878,8.987388816933752
879,5.974748723261071
880,9.072019211959855
881,6.015585057723101
882,9.050452291569876
883,9.10927351671892
884,8.940137363196481
885,8.955595298237892
886,8.959336368670611
887,9.087218689804294
888,5.934581595586694
889,8.96715590700224
890,9.053259653701355
891,6.051152749300427
892,9.039982837573472
893,8.996094184871776
894,2.320057077979384
895,9.026556961259896
896,6.007728196836457
897,6.013669944825873
898,9.014094668392929
899,8.984836407107142
900,6.11761722047464
901,9.024299517133631
902,8.917358610704978
903,8.93836544421933
904,9.006849536444841
905,2.4165518132809876
906,8.954639251789553
907,9.05672255184744
908,8.903839927851099
909,2.3940629509750857
910,8.98624953628278
911,6.086296193317793
912,8.975327388529575
913,9.011747738515972
914,9.038801929568745
915,8.98737763917503
916,8.986196877508908
917,8.918919184049525
918,9.002136015561558
919,5.998068249944088
920,8.997920101107843
921,8.940117727661622
922,8.998996275398435
923,8.958149931204455
924,8.976627544542662
925,9.085564088415843
926,6.027208609434638
927,8.977850673825246
928,9.028583411224979
929,9.064539666744349
930,8.966482649477522
931,9.029301303286813
932,8.979382126551126
933,8.935687559658211
934,6.040187524157692
935,8.950982006458853
936,6.100748685242752
937,9.057500030407292
938,9.055525755152876
939,9.006137524761815
940,6.144595859542829
941,8.992601065425172
942,9.089756612026045
943,9.0295813986941
944,9.027656066380985
945,6.074369143827502
946,9.066796379766771
947,8.913575406021895
948,8.9602758551343
949,2.4925636290912023
950,6.023926048577007
951,8.279378579301111
952,8.99912330230952
953,6.105068997931642
954,8.953126048180051
955,8.927228512780951
956,8.947811561898822
957,9.020651056314968
958,9.221716428536636
959,1.9899878303552978
960,8.978409688084003
961,6.067802739221087
962,8.888752211314904
963,8.990445343462582
964,8.995807528940528
965,9.008311704505848
966,6.025694266305537
967,8.98185665661956
968,9.132644390414832
969,9.010442769728437
970,6.105769406951836
971,9.049470706952755
972,8.996961082053279
973,8.992845144842294
974,9.02975679284689
975,2.5022765585514946
976,8.986213921708831
977,9.042086501874564
978,9.090985079327229
979,9.341965414561503
980,8.953480668277871
981,8.921780906378137
982,8.944200570491022
983,8.96106947776715
984,5.931817832256758
985,8.99671621199867
986,8.981226155055664
987,8.9822622486534
988,9.002088323715572
989,9.069021277236295
990,9.065595166485657
991,9.02333777129822
992,6.031301542391054
993,2.1148485184990484
994,9.100468182650099
995,8.960336139040674
996,9.064761638850253
997,9.058715520634324
998,9.0228989333404
999,5.978030596393286
1000,6.112165199212692
1001,8.9298994605216
1002,9.040868658300765
1003,8.907383420060022
1004,8.966381507556457
1005,8.981247631583912
1006,8.955788373176258
1007,8.948267392805235
1008,9.08925039394554
1009,8.97168182758317
1010,8.961746951536522
1011,8.990042905927329
1012,8.981923872260989
1013,5.975945232641536
1014,6.12903140673571
1015,8.997198271573017
1016,9.047155267558118
1017,8.966613253089626
1018,6.104837413927337
1019,9.05617102288004
1020,6.0585978082212435
1021,9.016709075061248
1022,8.986743577224498
1023,8.915206782389337
1024,9.06126828122123
1025,9.07372144233473
1026,5.94969248309301
1027,9.12299607732272
1028,9.007359646935027
1029,8.962264223846889
1030,8.976826876464576
1031,9.051601951192163
1032,9.013693104751695
1033,9.003815388180499
1034,6.040013019704469
1035,9.088074705239633
1036,8.986430292280392
1037,2.34595064290587
1038,8.977194593393293
1039,9.07334274051458
1040,8.973660291050898
1041,9.256519114378673
1042,8.899306244834062
1043,2.3824841790986855
1044,8.974008355049888
1045,8.955100561130434
1046,6.008592886470192
1047,6.0221145754268965
1048,6.005795469832993
1049,9.05945680344975
1050,8.951686734371528
1051,6.11969915785118
1052,6.094604372956711
1053,5.983634768663254
1054,8.900083280852577
1055,8.942465801911638
1056,8.91149095885652
1057,6.145080745498037
1058,9.240655868933452
1059,6.100565260052319
1060,8.899516705901794
1061,6.119016731560798
1062,9.149414985675003
1063,6.040607357059912
1064,8.912653326709979
1065,6.064662927181132
1066,8.997243961124711
1067,6.062742052267465
1068,8.985909939661932
1069,9.014842486938258
1070,8.965324264020682
1071,9.0300437178309
1072,9.062295833389378
1073,5.996394747501394
1074,8.870088105910016
1075,9.067957225978269
1076,6.016898394459583
1077,8.936097760429055
1078,8.901997957055727
1079,9.008582840965417
1080,8.970868585405036
1081,6.1854641668403305
1082,6.067304218057659
1083,9.031391814779738
1084,8.884869136316135
1085,6.149077452351774
1086,8.944716451496777
1087,9.045508838651855
1088,6.117926904684098
1089,8.928273711855729
1090,6.087896538419422
1091,8.993864326807516
1092,9.08949283055094
1093,8.95206339416612
1094,8.978180513962599
1095,6.117716907169255
1096,9.043435434163303
1097,6.01887927022546
1098,8.902260842502102
1099,9.048627481382713
1100,9.027404457126176
1101,8.989593707370235
1102,6.14286151873185
1103,5.993550480928526
1104,5.996547912828016
1105,8.970741786945206
1106,8.897635253735984
1107,8.974619986661718
1108,8.932348583854223
1109,9.002812959799343
1110,9.01209112245463
1111,1.965441804444564
1112,9.180649748517366
1113,9.002762649630219
1114,9.036590170231282
1115,9.041004715872507
1116,8.933922264762426
1117,8.970012899608351
1118,8.985115527542426
1119,9.011674477926697
1120,9.035129080913014
1121,8.896131509306105
1122,6.053373740835616
1123,9.03759719787946
1124,9.105652491173116
1125,8.927583806910432
1126,9.015916513839953
1127,6.102713314657562
1128,8.80300697243357
1129,9.052929346766582
1130,6.013565691217512
1131,5.999265671521144
1132,8.989896816300742
1133,8.932749202329626
1134,5.968718001900353
1135,9.027136978967162
1136,8.944427894674009
1137,9.04976392176278
1138,8.978388030291253
1139,6.059615747621801
1140,9.056331075062133
1141,8.974816388907673
1142,5.902362251610782
1143,9.045907394882022
1144,6.1062083851427005
1145,6.0134543765374335
1146,6.062428813652451
1147,8.999725682846945
1148,9.090564338643043
1149,8.927653506937265
1150,8.89194682977963
1151,8.931196523982726
1152,8.984824992433847
1153,8.963889372432508
1154,8.990370025566708
1155,8.938893689748664
1156,9.0024318824201
1157,6.015874497582607
1158,6.0404835042507115
1159,8.984961460257582
1160,6.110394156976516
1161,8.951779241860065
1162,6.11336461972105
1163,6.054908286428014
1164,8.988849363138957
1165,9.143466826708117
1166,6.110418497393971
1167,6.007703279297954
1168,9.019731899491669
1169,6.0708677613567765
1170,5.999150532497091
1171,6.03965191887905
1172,9.007183152093585
1173,2.431674001874946
1174,9.088948737019441
1175,8.933000510052931
1176,6.106833439943106
1177,8.880500179407916
1178,9.097825249354836
1179,8.984878924371682
1180,9.006276991808823
1181,9.047021851915693
1182,6.1113140884449635
1183,9.129959664632056
1184,8.971043334129881
1185,8.97468804006186
1186,6.060619906521361
1187,9.013679618806734
1188,8.973930302645735
1189,6.072064081115662
1190,8.969745916291906
1191,8.998764586896005
1192,8.934757254390679
1193,5.95941582497774
1194,6.090896049452503
1195,8.902642214896995
1196,8.97882319586942
1197,8.971922097209431
1198,9.019093733383125
1199,9.020871437557183
1200,2.403832028337273
1201,8.931564588664907
1202,2.1347363848897762
1203,8.964226831697236
1204,8.974979376335705
1205,9.089281243237913
1206,8.97716656869166
1207,6.066141559728127
1208,9.057371713234522
1209,9.020525785784436
1210,5.967577214883111
1211,5.955163774306984
1212,8.962146716918049
1213,8.876781939437334
1214,6.047826955595922
1215,8.989933780147526
1216,9.017698145165658
1217,6.025560669410415
1218,2.3825120283146872
1219,8.95986082287947
1220,8.944982201574879
1221,9.033269636205224
1222,6.058064093874339
1223,6.098400518385023
1224,6.122958228433081
1225,9.00894379458347
1226,2.21524283728124
1227,8.938718259716437
1228,8.980282559863582
1229,8.909541599867906
1230,6.115559735304572
1231,8.975407029491791
1232,6.013963264693111
1233,9.0685529571943
1234,9.045063815254677
1235,6.061100145020943
1236,9.017966322620147
1237,6.084075713587833
1238,9.088922608165824
1239,5.980069653867844
1240,8.942150575550249
1241,9.037500686835305
1242,8.96633790796062
1243,6.026081831128151
1244,6.020558678590797
1245,8.967599277015474
1246,6.062855869639211
1247,8.965284339986479
1248,9.08200034815496
1249,9.070725159100814
1250,8.109216228559525
1251,6.006856381210448
1252,8.966827292333097
1253,6.045175000164454
1254,8.912325800248174
1255,6.003900383070722
1256,9.043937294188002
1257,6.068248338527624
1258,8.982594107344294
1259,2.4772843517036547
1260,9.073263107186934
1261,9.105118261463552
1262,5.9278550635985034
1263,8.963071664331324
1264,9.019222803174046
1265,9.015656766524204
1266,6.085826262817276
1267,9.016912760447575
1268,9.030934017894195
1269,9.02019000475533
1270,5.964754156394712
1271,9.005379155751566
1272,8.979616985463561
1273,9.133627037261256
1274,8.941321192099352
1275,9.011682357988125
1276,8.947686905630146
1277,8.988382233860548
1278,6.0641340308613065
1279,2.3071414705134483
1280,5.953554264427629
1281,8.972388055120222
1282,9.105846825728559
1283,8.981779984303984
1284,8.991708299825271
1285,6.01559482969809
1286,9.019804029676724
1287,5.950216017743432
1288,8.98942410234372
1289,6.0863289119573185
1290,8.932427292745016
1291,8.903732454342027
1292,8.982873551355473
1293,5.966889419673187
1294,6.131470285888886
1295,9.051248747098233
1296,6.063447452930912
1297,9.014847225687596
1298,8.993901200930681
1299,8.98532721909919
1300,9.038826662850461
1301,9.043717014114968
1302,9.048264938572382
1303,8.955960515387243
1304,9.034210537361142
1305,8.976235135409468
1306,8.981054363816199
1307,6.065794036056112
1308,8.915260249744717
1309,8.896239137003773
1310,8.943300699917865
1311,8.973688477793528
1312,9.027985121109596
1313,6.089734180738298
1314,8.95794585445442
1315,9.024328300456164
1316,9.061897874113845
1317,6.014384855457212
1318,9.030253673896157
1319,8.933078648852321
1320,6.093553253075637
1321,6.133257420867702
1322,6.088038955291196
1323,9.067633179248805
1324,6.1177735432372184
1325,6.10311667879864
1326,8.965510246582477
1327,8.945881788854518
1328,8.936960760325867
1329,8.928211094401053
1330,8.959911291221736
1331,8.987025353024212
1332,8.894185963319371
1333,9.010519184366968
1334,9.003340413071399
1335,8.990764273590758
1336,9.04068289054066
1337,9.047201681900104
1338,8.922361873509526
1339,8.96451652696651
1340,8.908489600546648
1341,9.050246903143007
1342,6.097549256810346
1343,8.998031552064667
1344,8.964039146023662
1345,8.93917340239168
1346,8.89478349483865
1347,8.904184443187686
1348,6.05115657324725
1349,6.017919890491255
1350,9.091821496089931
1351,9.129488830024435
1352,6.124397967662803
1353,9.026018216626577
1354,9.349137423093472
1355,6.120762241374461
1356,6.105183530751026
1357,6.171277411102126
1358,8.961052480812537
1359,8.922661415116915
1360,8.938593630775904
1361,8.976865914575617
1362,8.929541767857087
1363,8.929251378298375
1364,2.227396593600084
1365,9.07587075430065
1366,8.995995797531984
1367,9.038258057536233
1368,9.021730272931503
1369,9.002936845503386
1370,8.942435378362363
1371,8.950574739491364
1372,9.006617824134688
1373,9.102563948475414
1374,8.918294874855166
1375,9.075269645661606
1376,9.030880295683414
1377,9.0151990029109
1378,6.0166282118260455
1379,9.000962486563871
1380,9.010655810608775
1381,5.911781640273935
1382,9.10084945243537
1383,6.142959405544823
1384,8.908252772337155
1385,9.001707707916134
1386,8.953557437935382
1387,9.198983680861994
1388,6.142635641098645
1389,9.0782039886075
1390,5.942325235551763
1391,8.980173272603832
1392,6.081690518463028
1393,9.015429806061544
1394,2.3994431810802648
1395,9.034546814255664
1396,8.926604895705074
1397,6.183039162645051
1398,9.008235305022346
1399,6.054005638926793
1400,8.954684135570899
1401,8.973752808212488
1402,8.930114032340455
1403,8.956707713927647
1404,8.98377627818663
1405,9.005721286832335
1406,9.040425890799227
1407,6.129021654404251
1408,9.170904439614077
1409,8.979820551979131
1410,8.9336234488002
1411,8.933533389327312
1412,6.030973264219562
1413,8.953998186852152
1414,9.053011252656542
1415,6.115444464864523
1416,9.041811065116542
1417,2.518682737137849
1418,9.175347905856714
1419,6.085077902795151
1420,8.99934207717649
1421,8.984911933908556
1422,8.88380503281751
1423,8.950340787385535
1424,8.972798593671266
1425,5.822351623407405
1426,8.955867912696513
1427,6.140387135482212
1428,9.011497591538438
1429,8.8996633929531
1430,5.917045381684012
1431,6.127151808151414
1432,9.035077229209099
1433,9.027400850206602
1434,8.98280873723004
1435,9.034245592676145
1436,8.997215236003202
1437,8.99721536350067
1438,8.953798814922157
1439,6.1167525715290285
1440,2.466176336410851
1441,9.035115139561537
1442,9.033100472669224
1443,9.02578796994959
1444,9.023173029069858
1445,9.030544475200882
1446,8.93879754523904
1447,8.975061621931573
1448,8.927387682970389
1449,9.067078289695441
1450,8.967602552970037
1451,6.044519201177531
1452,8.956074827328122
1453,8.983362067331559
1454,9.069412882693788
1455,9.004057021151855
1456,6.049271901969283
1457,9.07123060669795
1458,8.966326595350136
1459,6.135885252414596
1460,8.974485945988624
1461,9.004242118979764
1462,6.055754033905727
1463,8.937740911269753
1464,9.026275910659997
1465,2.2280373480266036
1466,8.909229917559605
1467,2.150077746075716
1468,8.91860959553928
1469,6.134960511985425
1470,6.029007370764907
1471,9.032438911688768
1472,2.2264002058987034
1473,9.045028734839777
1474,8.93240136193117
1475,6.061769091386676
1476,8.973847367720397
1477,8.903204134703802
1478,8.94296127455634
1479,6.066714802729201
1480,6.065650330439003
1481,9.050762940545598
1482,8.929901243663785
1483,5.946212701180617
1484,8.943213884637924
1485,9.013861105739524
1486,8.964436287048173
1487,9.031672550481213
1488,6.0086326910931325
1489,5.993138482457745
1490,8.927553391373197
1491,6.09745572219352
1492,8.983773263197891
1493,9.00685202523275
1494,9.022405554547587
1495,9.026493422595397
1496,8.968709341220148
1497,6.126165623772058
1498,9.020788814175253
1499,8.974588682334371
1500,8.857846440598694
1501,8.900662955896706
1502,6.036776236993369
1503,6.009559209671609
1504,9.085472629836126
1505,9.015029031300706
1506,5.924692802679128
1507,9.095762126309017
1508,6.088248934567568
1509,2.3733814598103686
1510,8.955382007452723
1511,6.055018454413353
1512,9.01051226414562
1513,6.031527328602997
1514,8.977573212028943
1515,6.045266645000391
1516,6.1231984430941475
1517,8.989261151647236
1518,9.050319171841515
1519,8.947375559607146
1520,8.933186519311535
1521,8.995275620324929
1522,9.693287294053556
1523,9.0087856761286
1524,8.91107158862576
1525,9.037016246105045
1526,6.071250291864656
1527,9.106251031217651
1528,8.94328191821054
1529,9.042197372318567
1530,6.126003450186056
1531,9.062072373165808
1532,9.018609609309859
1533,5.948908312074388
1534,8.999657289715342
1535,9.07778827532311
1536,8.949705698484939
1537,2.3236763472422033
1538,9.061630998166022
1539,8.954773021700191
1540,8.961951162912417
1541,5.991825848872205
1542,9.012366187546087
1543,6.103533873965317
1544,8.94928910579978
1545,6.114719447921042
1546,9.057092925835772
1547,9.009928736169716
1548,9.062447975491686
1549,8.975383127280248
1550,6.034325725509847
1551,8.972982491976643
1552,8.95094346410892
1553,9.064359297770693
1554,5.961237659044036
1555,8.896015058134846
1556,9.019446695369682
1557,9.035087805305386
1558,6.054088080855192
1559,8.954232506601732
1560,8.912667587258023
1561,6.069251728039254
1562,8.968164257527024
1563,9.030686026286972
1564,9.099977353743956
1565,6.105013226984411
1566,8.977256231390879
1567,8.960045963264571
1568,6.039679764120721
1569,9.119349979749973
1570,6.045908007539919
1571,5.979137782200206
1572,6.114179181873318
1573,2.2900770270207316
1574,6.047963784677935
1575,8.978213505102064
1576,8.915945363612524
1577,8.982221832640455
1578,8.9274408499758
1579,2.2731496360733043
1580,6.079423196001957
1581,9.047621021922957
1582,8.992476161725417
1583,9.018513489380995
1584,9.076222183896487
1585,9.040767181874893
1586,5.882447634575358
1587,9.10105867117531
1588,9.071520634194979
1589,8.956394375894552
1590,8.948128360512824
1591,6.1072035295931
1592,5.990577966754748
1593,9.0863004295216
1594,8.968078756656393
1595,8.99372999571973
1596,9.121795833283036
1597,8.959989036426823
1598,8.99261356702292
1599,6.0884054691473874
1600,6.012519729100884
1601,9.081262906893727
1602,9.13526449388073
1603,9.011565801035566
1604,8.96449135140718
1605,8.971480635955803
1606,6.021332648104728
1607,6.0559043310434735
1608,5.922334679304248
1609,9.015079543625328
1610,9.039146591488182
1611,8.94371508013305
1612,8.993444538914037
1613,6.005778834995168
1614,9.033551945120186
1615,6.1457922198205654
1616,9.002756849565332
1617,8.9644934625534
1618,6.044481905605846
1619,9.000748713776792
1620,6.044158718611697
1621,9.124078000671767
1622,6.077803336449875
1623,2.237601420811757
1624,6.0432961338690525
1625,8.949766167651404
1626,8.882504593289726
1627,8.944258049694124
1628,6.05877730971354
1629,6.03999667769477
1630,9.007614709912726
1631,8.939627114106031
1632,2.1354288381799496
1633,9.19091908834588
1634,6.056040137240137
1635,8.955399027444505
1636,2.496303404784965
1637,8.972928555073022
1638,6.039845055677757
1639,6.0920037874768
1640,9.059945398014817
1641,8.933279585636926
1642,8.993012013266005
1643,5.9970920545415884
1644,6.0145696566503
1645,6.066644674277497
1646,8.953897121444687
1647,8.95281552116185
1648,8.96858535562972
1649,9.271774001078668
1650,8.955049206993635
1651,9.006294201104495
1652,9.065728723262525
1653,6.1330822150383195
1654,9.086816417583371
1655,8.981380482005104
1656,9.123970249013873
1657,6.106557200384579
1658,8.939808447027303
1659,6.066702551395346
1660,8.916298381470373
1661,9.073431119212467
1662,5.99107582000089
1663,8.982347280582495
1664,6.014941246524586
1665,8.99931549831384
1666,8.980311680202508
1667,9.0194653108288
1668,8.915674393203016
1669,9.010405733602747
1670,8.99477526813757
1671,8.977606768863769
1672,8.860768885682202
1673,9.065614405022611
1674,5.9933290704902
1675,6.013251747003636
1676,9.040330110653302
1677,8.973997726138538
1678,8.967628435593328
1679,8.986048389664454
1680,9.012273436952013
1681,8.96003772740368
1682,6.021315039648727
1683,9.710361622458091
1684,6.011731469313636
1685,8.958558201647065
1686,6.034785711462233
1687,6.086712918394494
1688,6.0160165305477316
1689,6.063638697578884
1690,9.061630998166022
1691,8.94759241124198
1692,9.010226004763926
1693,6.052019687785785
1694,9.022948567882652
1695,8.982485597587988
1696,8.965640946122011
1697,9.067391853932735
1698,9.094932974396384
1699,8.916093786693027
1700,9.067131297480403
1701,9.042244674207154
1702,8.937969998718719
1703,6.078734771843656
1704,9.040910063106775
1705,6.113530513269922
1706,9.02897864190794
1707,9.267835324288114
1708,9.034917134908406
1709,8.964192488373248
1710,5.994726523077761
1711,9.037178268584803
1712,6.075794461281615
1713,6.069407906561598
1714,9.064397887809209
1715,6.043496312397625
1716,8.97893403953378
1717,5.918756922380715
1718,8.970611081115416
1719,9.071945619958681
1720,8.979341500872522
1721,6.110639338808481
1722,9.018135035734469
1723,8.975880506075068
1724,9.057486428295505
1725,9.042551580485904
1726,9.029546706317817
1727,9.06865180788086
1728,8.968437397208136
1729,6.010049239286103
1730,9.061480829295798
1731,9.127985976116237
1732,9.57664804272338
1733,6.184207758201674
1734,8.979847565573419
1735,9.03141373427204
1736,9.098850998626837
1737,9.042767648294104
1738,8.906651352639381
1739,8.924412890430277
1740,8.88523513986107
1741,9.110872882073869
1742,6.147508892725695
1743,9.082625845657132
1744,6.038478900919152
1745,9.016114537862249
1746,6.077479041255717
1747,9.04707468738753
1748,9.019934984427543
1749,9.013572144718786
1750,6.047130895051453
1751,6.0288799092587135
1752,8.988237726239475
1753,8.906472514200598
1754,9.038544123067943
1755,8.941960548971815
1756,2.2241853682656276
1757,8.949259382943767
1758,8.993553584159253
1759,8.910304647593811
1760,9.056593827234044
1761,5.992905413139185
1762,9.004595219934
1763,9.07474559624662
1764,6.102759841796637
1765,5.996493250284532
1766,9.027226319697077
1767,8.978334018117035
1768,9.03193068387557
1769,9.062900439547855
1770,6.102148345519144
1771,6.113038467357853
1772,8.982315259697645
1773,8.833456592520418
1774,2.4293956888286923
1775,9.09213677074486
1776,5.940268148847235
1777,9.009769692323294
1778,9.04012939051033
1779,8.998347858541747
1780,8.890505660313444
1781,9.078027360489918
1782,9.05609361410853
1783,8.982919347161662
1784,9.139752855934251
1785,8.961137923754357
1786,8.8957407961393
1787,9.02462642004283
1788,9.03599706840425
1789,9.070419179985503
1790,6.0989650073838355
1791,8.909963429208965
1792,8.96709230154621
1793,8.957872875837744
1794,8.977738730412515
1795,8.307321277379124
1796,8.934333960762899
1797,8.916106338626992
1798,9.070844517100134
1799,8.938110944154417
1800,6.114946742958621
1801,9.023725966851915
1802,6.079184393154042
1803,9.08931682941897
1804,9.030906754995359
1805,8.988211490820655
1806,8.906182143556194
1807,9.09293026965918
1808,9.129610161248053
1809,9.108176150017513
1810,8.903693372250745
1811,9.044019932596187
1812,6.113735760912147
1813,6.045414916805224
1814,9.007356287831243
1815,5.9773097206536825
1816,9.04217219003199
1817,8.968831296904055
1818,8.996215533317706
1819,9.058895549929309
1820,6.060857380302177
1821,8.96384386851427
1822,9.048686685092942
1823,6.013360202011869
1824,8.938004800223323
1825,8.999163559597898
1826,8.928422044190597
1827,8.945850830558085
1828,8.986315774643012
1829,6.103445983206923
1830,9.043156256106979
1831,8.940177658053047
1832,9.049140327487414
1833,6.07645248422906
1834,9.06118395055443
1835,6.018615464915161
1836,8.93011425021502
1837,6.121303085130087
1838,9.18696976207693
1839,8.970368412511334
1840,8.11219657364505
1841,6.040665140505697
1842,9.01177449419476
1843,8.898266679207657
1844,8.966739032641367
1845,6.07607327490615
1846,9.00606308709621
1847,6.062880602885918
1848,9.02505174917594
1849,5.921777245286419
1850,6.098888088942875
1851,9.082456929407199
1852,8.978511800713195
1853,5.885220022966358
1854,6.048163238427345
1855,9.020445478713661
1856,8.925678397057396
1857,6.0369232996815985
1858,6.057809837165448
1859,8.918863570326481
1860,9.0070890678374
1861,5.949288311482175
1862,6.02545425470495
1863,5.971845627141435
1864,8.908321508830776
1865,9.129117099145372
1866,9.053930392559538
1867,9.095702272956414
1868,9.014854698486607
1869,9.067823958338192
1870,8.92836332465745
1871,9.064369600041148
1872,6.022717824701157
1873,9.06302016055585
1874,9.13761896770329
1875,6.133283884764322
1876,9.151008187789845
1877,9.22792498175643
1878,9.000416922191116
1879,8.960295510932292
1880,8.949847990101317
1881,9.02939958546847
1882,5.929469478732232
1883,8.9508812314162
1884,6.115499010355729
1885,9.084694937207487
1886,6.133938094394252
1887,6.1460017319014035
1888,2.5077779638989766
1889,8.931511038346102
1890,8.987231730539673
1891,6.086560798373863
1892,9.010793443675624
1893,6.044043551388455
1894,8.937476528067368
1895,8.915206782389337
1896,8.97534320000927
1897,9.027957160914243
1898,8.92812262107761
1899,9.030408894656057
1900,6.0709133555746035
1901,8.95028361940181
1902,8.99923648477581
1903,8.919881502061612
1904,8.963404349992686
1905,9.05244001967418
1906,9.095549631922816
1907,5.961592288873364
1908,5.915812795266253
1909,9.03608862960153
1910,5.947678122625164
1911,9.001606573713294
1912,6.047774360571752
1913,8.973040166648932
1914,8.989905688615973
1915,9.02864858226418
1916,6.084696579793393
1917,9.012657986194402
1918,8.945286873663898
1919,8.99361775287166
1920,8.857781204168552
1921,5.998038956565032
1922,8.947691286218477
1923,8.969748503689011
1924,5.978458696090907
1925,8.923015589395128
1926,8.96958975000831
1927,9.011248347702754
1928,2.3615120509724603
1929,6.029459932389102
1930,9.008316701795627
1931,6.169231637919034
1932,5.988616215325055
1933,6.0637672595723915
1934,6.097616670203431
1935,9.126615037237157
1936,8.881930591164648
1937,9.024388166106291
1938,9.023464727261436
1939,8.979843200327535
1940,6.0876881096616975
1941,6.085345099168048
1942,8.908839691824559
1943,9.00565749335667
1944,8.99630849599886
1945,8.960317801498825
1946,9.023069989901238
1947,8.971540250095979
1948,6.03694418806344
1949,8.989818821014202
1950,9.05584814024551
1951,6.0463472305070285
1952,2.063646149034795
1953,6.083266273873119
1954,9.046680103539519
1955,9.077553580643642
1956,9.005417598832729
1957,9.018135552562333
1958,9.046241977456921
1959,9.062276806504645
1960,6.079395562032483
1961,6.021485477597087
1962,9.004540922132724
1963,5.9398488762705375
1964,8.91604478291633
1965,9.156539103757332
1966,9.059882001881915
1967,2.300604454151991
1968,9.007763814451373
1969,6.1148257770995045
1970,2.240000686318347
1971,9.017344465566214
1972,9.000389632354349
1973,9.062309482080007
1974,9.05670438876288
1975,9.051403906431853
1976,6.118194901683395
1977,8.996443290399965
1978,6.003726271238049
1979,9.015364785431602
1980,8.9749648210154
1981,9.01290252172373
1982,9.016455739040081
1983,2.3578467951736797
1984,9.064780949596337
1985,8.986868784182928
1986,8.930583153811474
1987,8.897813128930691
1988,9.124982547434584
1989,9.005936573068098
1990,9.03722945439711
1991,9.113642350412935
1992,9.249224578494445
1993,2.1144860610200613
1994,6.013886279986043
1995,8.989596035165512
1996,8.916393110635852
1997,5.945168977615495
1998,9.018889842551594
1999,5.980983754102023
2000,9.003495290683718
2001,9.009888541106628
2002,8.913720524828728
2003,8.97528966470614
2004,6.116314940584155
2005,8.962723698843943
2006,8.926066082463542
2007,8.906142453239141
2008,8.946131689378262
2009,9.1491013367399
2010,6.0577045302942825
2011,9.068397767027411
2012,8.979769769474457
2013,8.959280446114548
2014,6.037188177095965
2015,9.031043045566486
2016,6.003701656868309
2017,8.933170087012568
2018,9.009189879025667
2019,6.005312848202059
2020,6.029708434440883
2021,9.010942452293985
2022,8.951654661688902
2023,8.932788527682039
2024,8.99046415014572
2025,9.014973467001681
2026,9.11592486617977
2027,8.92231078479932
2028,9.04908520893939
2029,9.052343509403185
2030,6.084649853001665
2031,6.165506321307181
2032,9.03338763631241
2033,8.987209899002782
2034,9.091024756222872
2035,8.932095047219715
2036,5.986749297976614
2037,6.08232871176665
2038,9.00481818048709
2039,9.009527269277793
2040,6.128456144610925
2041,9.049368177713298
2042,9.004960732784635
2043,6.069905977738095
2044,9.018382611442194
2045,9.019643465352784
2046,8.986514523440036
2047,8.901722754950296
2048,8.950478836154367
2049,9.038102849630382
2050,8.968668643985385
2051,6.11588583437981
2052,8.895731462836908
2053,6.058274287346132
2054,5.940307668080064
2055,9.049272115330298
2056,8.904250450584284
2057,6.035839416009661
2058,8.897649130058634
2059,9.005404520295542
2060,9.152584655773808
2061,9.007649935410821
2062,8.92722670335369
2063,8.983199707670112
2064,9.036943789320185
2065,5.986298933818258
2066,9.075331244118972
2067,8.981657077982115
2068,9.002896285204512
2069,9.004477434978439
2070,6.099141765416354
2071,9.18695472407489
2072,8.959443276211019
2073,8.959813593099055
2074,8.927282889775606
2075,9.013634074934341
2076,9.039500927510206
2077,6.159399215268376
2078,6.0715877912616545
2079,8.97603477281406
2080,6.024177999274393
2081,9.020386026320041
2082,9.088910920616673
2083,6.0851115430376845
2084,8.957852937902828
2085,8.993470703342759
2086,8.952483953099971
2087,6.079411346005738
2088,5.985973705473431
2089,6.032160651533984
2090,9.01253506075976
2091,9.064137698990473
2092,9.046337553404296
2093,6.1078909788367
2094,6.137176012035905
2095,8.93638365540809
2096,8.990031297916275
2097,8.93422155163727
2098,8.979713748037545
2099,9.045523028116108
2100,9.105889540852331
2101,5.98009279811961
2102,9.067737586164784
2103,6.033528021164319
2104,5.955119017762502
2105,8.93823767502179
2106,8.930649134753113
2107,9.038054975252026
2108,9.011073509591778
2109,8.901014242429369
2110,9.002995705166866
2111,8.90618259727394
2112,8.982064491183241
2113,9.031060890324168
2114,8.999911383561619
2115,6.038327888186404
2116,9.0459041275304
2117,8.933854560160393
2118,9.053582140331564
2119,6.03526116159897
2120,9.010468160814508
2121,6.0998400142986196
2122,5.937397569272754
2123,8.95872960913762
2124,9.036337029360013
2125,8.985581684426245
2126,8.97422946823674
2127,6.0752053158323776
2128,9.001301036935994
2129,8.919411858847992
2130,8.979760345014425
2131,6.131790991526178
2132,8.926356787244101
2133,8.98712277351857
2134,2.383613817375312
2135,8.982530237471833
2136,9.011187680661894
2137,9.024155497203306
2138,8.921635791365402
2139,6.0436413045786646
2140,6.005847642690335
2141,9.044524610308729
2142,8.937428385568143
2143,8.93573485209703
2144,8.92485349634296
2145,8.981166238344837
2146,9.036097531652617
2147,9.055647054550567
2148,9.081058776919466
2149,9.009792755441874
2150,8.916361148464013
2151,8.969347937666916
2152,9.076981157176371
2153,8.94942495892048
2154,8.951052008079287
2155,8.931986771487
2156,9.242363676316389
2157,9.108167607353408
2158,9.005421506234487
2159,6.0083846202200455
2160,8.997898676329442
2161,8.966918316915132
2162,8.970139114100414
2163,6.002085545750129
2164,9.056344060550126
2165,8.99855553908064
2166,6.036713015978046
2167,8.982487005736022
2168,6.053497203031318
2169,9.036556656771758
2170,6.097544588627543
2171,9.03689049449966
2172,8.991769371122192
2173,8.980173316823581
2174,8.999321226717097
2175,9.081302469122287
2176,6.07995808512995
2177,8.999590400198091
2178,6.0613302922562164
2179,8.974570061081442
2180,2.1801722990481096
2181,8.932716542559119
2182,8.912723500990461
2183,8.961206902030096
2184,6.110828285969122
2185,6.119205876157016
2186,6.151196566199118
2187,9.023326500439257
2188,9.067111926573277
2189,6.090833710137931
2190,8.989452613694331
2191,8.937307461674761
2192,8.969573527135395
2193,6.170199405519624
2194,5.931526460182343
2195,8.964697295755036
2196,6.119289431901585
2197,8.942328787480863
2198,6.0461483271521494
2199,8.941608840637977
2200,9.093414358457121
2201,9.015583229451666
2202,8.981168763061977
2203,6.081545701919458
2204,8.913451617667592
2205,8.927580900907044
2206,5.984199233439033
2207,5.915391876712031
2208,6.0655204824820315
2209,8.958754815712377
2210,8.954973062151113
2211,6.067661174301932
2212,9.017904296025215
2213,6.09113895970711
2214,6.09566821425425
2215,8.99214935036758
2216,8.989995635194333
2217,8.966990737632354
2218,8.939511285031276
2219,6.119505790246018
2220,9.0406907651004
2221,8.953181137717072
2222,8.984217592683327
2223,9.035896793650817
2224,8.992662760764508
2225,9.09679160803705
2226,8.923901793986001
2227,9.070636729722374
2228,5.923171353998001
2229,9.054898798538272
2230,9.028436865904222
2231,9.032736303441169
2232,8.973424730870445
2233,5.993327793076197
2234,5.998394176566175
2235,9.0846091934677
2236,6.135796405916526
2237,6.115852812510337
2238,9.062419110751923
2239,9.007659072762111
2240,6.074010389021081
2241,9.004564649776517
2242,6.0862443502501264
2243,8.904794491084104
2244,9.006416231117665
2245,9.03513270962636
2246,8.997969093578899
2247,6.020861074125437
2248,6.070791342149052
2249,6.0361191610228815
2250,6.087482658498081
2251,5.923778980316869
2252,8.953867350259179
2253,6.011418354594663
2254,9.027280757783357
2255,8.972956293838214
2256,6.094208912451551
2257,9.050348332246676
2258,8.898246717356248
2259,9.001845667795761
2260,6.11285430744049
2261,8.94111475464333
2262,9.022770420632463
2263,6.053403813933294
2264,5.9931492284135075
2265,6.1077778903731454
2266,6.085893277679706
2267,6.135145280330596
2268,8.942970985753396
2269,8.927631235892749
2270,6.119666296796742
2271,9.023010304991129
2272,8.967066831742759
2273,8.969036891132689
2274,5.865243125543768
2275,9.053469849944106
2276,9.00089691307371
2277,8.994323230009808
2278,6.121675344887601
2279,9.12351277036522
2280,8.916126466134127
2281,9.02630586498048
2282,9.010841256740107
2283,8.990583614160673
2284,8.988513867729992
2285,9.044357985070837
2286,8.92904201869488
2287,9.077815637962143
2288,9.030311794602195
2289,6.014138062252887
2290,8.947459167730734
2291,6.121591045937535
2292,6.083212994044487
2293,9.074951806126816
2294,9.089538041090794
2295,9.007691993763627
2296,6.086815659339783
2297,8.896894749691336
2298,9.011656135085776
2299,9.082773773886599
2300,8.993814154047337
2301,9.03123137064166
2302,6.119188808747516
2303,9.088360064678135
2304,8.992287056219219
2305,9.073339398739613
2306,2.50376890564781
2307,6.106960421531472
2308,2.5170894934107797
2309,9.02032415190373
2310,8.951052008079287
2311,8.939520624120977
2312,8.99413435488795
2313,8.951101283909393
2314,8.958102432521589
2315,6.059575452932644
2316,8.888646627862334
2317,9.011142219908665
2318,9.013753226225894
2319,6.083956121696307
2320,8.938563397855885
2321,6.024972018183037
2322,8.949435355780542
2323,9.019564703323784
2324,8.93693028226711
2325,8.987714185829692
2326,9.015190834863404
2327,2.282840463645506
2328,6.15675360838037
2329,8.982796723684691
2330,8.969646993748357
2331,9.034399278335966
2332,6.064473658045479
2333,9.095586406243141
2334,6.029005667511275
2335,8.95950275232399
2336,6.047413542015791
2337,9.097526215095474
2338,2.453968878444125
2339,9.049162980824404
2340,6.057439880538779
2341,8.913451929345161
2342,6.03664231148982
2343,5.9893263691849805
2344,6.025840993641259
2345,5.9393716650000155
2346,5.904500643878705
2347,6.0665502000300995
2348,6.08056098035213
2349,6.039449119949482
2350,6.020904592431268
2351,9.048375959546588
2352,8.944769821913768
2353,9.01464239576183
2354,8.912297884716285
2355,9.111404848900857
2356,8.981598118508527
2357,6.094601900904277
2358,9.066699214558003
2359,6.057512063273319
2360,9.028984794698518
2361,9.106961494008027
2362,9.03051344716632
2363,8.994116002482789
2364,9.048513316625353
2365,8.917252927252871
2366,9.03136912177267
2367,9.1647021702917
2368,9.11588711869881
2369,6.072459327035076
2370,6.105462141888865
2371,5.932566888098087
2372,6.014528836112964
2373,9.050621023930132
2374,5.915872399099512
2375,9.034775112479279
2376,8.94321966766616
2377,8.95875455070989
2378,9.043920429279286
2379,8.95501286544236
2380,6.102405176783437
2381,9.110567990872005
2382,8.978855881143803
2383,9.02613144259527
2384,8.964553753760198
2385,8.944928094209512
2386,8.920572120415105
2387,9.003450808410337
2388,6.094946508384529
2389,8.914889383246603
2390,8.921035730864899
2391,6.047031119079268
2392,5.998916357172832
2393,9.000457330433282
2394,9.040954450741104
2395,6.11787568991857
2396,9.125921065162034
2397,8.923863041441384
2398,8.9299034705573
2399,6.045009929115802
2400,9.035812257056389
2401,8.91854730455136
2402,6.125484927086628
2403,9.042228373636553
2404,9.008566541479123
2405,8.964674837869937
2406,8.94020039776072
2407,8.96685508910687
2408,6.105419641260694
2409,8.866067850678476
2410,6.013700479040777
2411,5.943186373201433
2412,6.011110405512896
2413,8.982478375134344
2414,8.992622296116327
2415,9.03882263601951
2416,8.951182052504949
2417,9.03517513125288
2418,6.0225096497961115
2419,8.925713948847983
2420,9.073715765368753
2421,9.001813543658084
2422,8.971621484090731
2423,6.097792530400998
2424,9.054085603943234
2425,9.007300087923273
2426,6.0172644222444545
2427,6.109556217753484
2428,5.977494531195817
2429,9.016467762792804
2430,9.053287898795787
2431,9.008065078998978
2432,9.28637669645016
2433,8.961273072341378
2434,8.995435179506787
2435,2.486814631076413
2436,6.062342073227399
2437,6.060142666075626
2438,9.086954221215187
2439,9.046605671851685
2440,8.941864634748292
2441,6.037808765511162
2442,9.038318020136634
2443,6.06534085892515
2444,8.993560632112521
2445,8.962590640078083
2446,9.07811415351394
2447,6.122522662324545
2448,6.140931894816027
2449,6.131472695101545
2450,8.967181507576134
2451,9.046261402862106
2452,6.0351000841782625
2453,8.894943926205464
2454,6.019321576686294
2455,6.041800080209226
2456,9.104974027213242
2457,5.93205117986468
2458,2.2103108905296986
2459,8.907510616770928
2460,6.056049820467437
2461,8.983673294291627
2462,8.996389744965285
2463,8.920277108021963
2464,8.933208954906092
2465,8.874638377859469
2466,9.008169890392503
2467,9.045231131123643
2468,8.932032907843672
2469,6.052661933335523
2470,8.933030641612504
2471,8.92726138001318
2472,6.102251686728414
2473,6.030162795779584
2474,8.88704409761289
2475,9.021544693165453
2476,6.109167178273712
2477,6.097071089793088
2478,6.020487839433649
2479,9.009669540142616
2480,6.142904555278028
2481,6.009377544110646
2482,9.007002646504349
2483,6.124428659720295
2484,5.984380170992961
2485,8.917940801628589
2486,6.126356299108114
2487,6.06053553901365
2488,9.09538482943066
2489,8.963761207466147
2490,9.032239707621045
2491,8.9853963243855
2492,6.138249957527329
2493,9.083777508114217
2494,9.016727606156714
2495,6.0262853240380805
2496,5.985215860839543
2497,6.102214839074843
2498,6.122997938253915
2499,9.093413456742665
2500,8.934057032405498
2501,8.949801283791517
2502,9.029844033987462
2503,5.985451966032289
2504,8.968011050906236
2505,8.936622169360255
2506,8.894852096942223
2507,8.891265723863759
2508,8.946846053200508
2509,8.93669600992071
2510,5.950185301689263
2511,8.923119400852622
2512,9.044542097913952
2513,8.979513481733214
2514,6.13819327977323
2515,8.903974544160336
2516,8.940577000176512
2517,6.130791380654468
2518,8.927605082839857
2519,6.102132612263532
2520,9.705105709047128
2521,8.98524683318061
2522,6.102481887245324
2523,8.874921429454691
2524,8.985848607127643
2525,9.037505377431907
2526,9.087816986883029
2527,9.00487483279833
2528,8.983263691184815
2529,8.996884784125783
2530,9.074586716716276
2531,8.947109824281382
2532,9.038580332168692
2533,6.0735832943405486
2534,9.052246920100458
2535,6.01241591945005
2536,5.867591530733547
2537,2.3964638633043758
2538,8.95293642417815
2539,6.154049273853787
2540,9.002358508782006
2541,8.970355250175032
2542,6.076640686070537
2543,6.038532142005058
2544,8.99767909823436
2545,6.087285430221803
2546,6.085654431804756
2547,6.029807357711559
2548,8.911209514112091
2549,6.0905074336032
2550,9.016734635754812
2551,9.08026526598966
2552,9.066880226130621
2553,8.95442321248884
2554,9.026987592596065
2555,8.959967709427014
2556,6.001431990076316
2557,8.934295093797303
2558,8.993154398369748
2559,9.709929997378687
2560,2.421371288016633
2561,6.0683825908099776
2562,8.967451010937003
2563,9.04894090509118
2564,5.895717199342673
2565,9.0743566547165
2566,6.135568802165964
2567,5.908268853222995
2568,6.003820055074846
2569,6.126248797548129
2570,9.053288233566708
2571,8.915064506224782
2572,8.995718346919016
2573,5.941577539469294
2574,6.151720634209337
2575,8.994923496271834
2576,8.833020711517543
2577,6.116983872643253
2578,8.964702323716466
2579,9.009177386853805
2580,9.683297087488125
2581,6.055297673328147
2582,8.983564234744245
2583,2.335314478094482
2584,9.023967650917273
2585,8.938299593491866
2586,6.035342377548903
2587,8.96260044922247
2588,8.911755548093073
2589,5.982725946525865
2590,8.938088457436029
2591,8.986681537527824
2592,9.019147842174133
2593,8.927095941823003
2594,6.041128924411506
2595,6.07229828295768
2596,6.031851063057417
2597,8.966382795065158
2598,9.069928448408056
2599,8.92232102761563
2600,8.96783210350676
2601,9.127216838050003
2602,8.998099792544348
2603,6.075689981753041
2604,8.998943469988639
2605,8.90959507310286
2606,6.064436737927876
2607,6.03030901155075
2608,9.001958326637844
2609,5.954632511717061
2610,8.932488570343127
2611,9.067524747561157
2612,8.952255741085061
2613,6.1345588028728955
2614,9.14241967638418
2615,9.068811538435313
2616,8.91849467976249
2617,8.943146862681202
2618,2.2156611888086415
2619,8.987376939151774
2620,8.93161126766172
2621,6.017985152022217
2622,9.011086213154885
2623,8.960060083629353
2624,9.048015316181791
2625,6.158094262922649
2626,6.06050308186974
2627,8.992714703540411
2628,8.92390773839173
2629,6.035196004957822
2630,6.092771784364059
2631,6.051347216683343
2632,8.980311564603998
2633,2.4484809892590693
2634,9.040409186071752
2635,5.997340946164829
2636,9.037888752193096
2637,6.0407386565580445
2638,6.085116035277843
2639,6.096370037279843
2640,9.04032786694561
2641,8.988443212793413
2642,9.012390607224253
2643,8.895665537240731
2644,9.0650836837272
2645,9.020333256901417
2646,9.060622817656125
2647,2.520767743709373
2648,8.999059954508999
2649,6.082975458810439
2650,8.929014078802481
2651,8.920754833412563
2652,9.057689841884986
2653,6.153526637819156
2654,8.9847090975613
2655,9.013133288716249
2656,6.055463839802819
2657,8.948855538032547
2658,8.933138656628538
2659,9.018750455715587
2660,8.97881957346621
2661,6.007209196935534
2662,9.004657560403164
2663,8.956397860522927
2664,9.010877468891143
2665,8.993187868421252
2666,9.050177846356664
2667,6.047216953566545
2668,8.99130817337534
2669,9.107393695153677
2670,8.924066015869526
2671,6.038660103196858
2672,2.4496448367935404
2673,8.903249725207456
2674,9.012967362837266
2675,9.014048699766281
2676,8.999595080379724
2677,8.974417984658196
2678,8.92819079159241
2679,8.981456721990565
2680,6.099007600968037
2681,8.919428998379367
2682,8.992557327395684
2683,9.02715196751868
2684,8.954624461197938
2685,9.002788854885278
2686,8.894453327622958
2687,9.02066630551764
2688,9.012108183951133
2689,9.011171427376906
2690,6.085710730128401
2691,9.056496274491222
2692,6.123511477958893
2693,9.036577057245212
2694,8.987079443316558
2695,9.01789772842473
2696,8.285621454332055
2697,9.003774272044767
2698,9.00647360897423
2699,6.115544525851778
2700,5.903093744022179
2701,8.994707795447809
2702,9.018067534781213
2703,8.904931740537684
2704,9.038083067604125
2705,8.968296163586915
2706,6.044286761673863
2707,8.894130665237192
2708,8.970429844571605
2709,9.03058926234955
2710,8.942452779110695
2711,9.061566156054642
2712,8.939269019787169
2713,9.052062774223204
2714,8.972583606604491
2715,8.893086106964672
2716,8.975425611559537
2717,9.026296750860103
2718,9.040863663661844
2719,9.089854970973354
2720,8.880569293249957
2721,2.392847146865299
2722,6.066006432198751
2723,8.860317499672519
2724,9.001775685259949
2725,9.018888068262049
2726,9.014314288616028
2727,6.045125927505635
2728,6.007090747886045
2729,6.096378125603454
2730,8.985016940632766
2731,9.032648891918203
2732,6.041342559122137
2733,8.925466110008252
2734,9.009281867216217
2735,6.002571222964486
2736,9.046741119820812
2737,6.128490743736666
2738,8.961541769517979
2739,8.978607481869437
2740,8.943991688983418
2741,8.987254254704439
2742,8.81662908079995
2743,9.051969926316474
2744,6.01326092707101
2745,8.985072750276949
2746,9.000202202108317
2747,9.17355173362808
2748,8.952295386022001
2749,6.001570090180585
2750,8.945878930099317
2751,9.027330826476947
2752,6.029511868051372
2753,6.046132280339357
2754,2.481528282300501
2755,8.977662977196092
2756,9.10308087716074
2757,6.079500110951209
2758,6.11042483027369
2759,8.721378418014092
2760,8.967930361145298
2761,2.259261610519517
2762,9.051059692416436
2763,6.068252508100853
2764,8.948506034845988
2765,9.010143470497031
2766,8.955085630666488
2767,8.962787170961473
2768,9.054870900811714
2769,9.076430396904808
2770,9.08858583232568
2771,8.96482550522076
2772,8.996993655278759
2773,9.085615861858333
2774,8.986163322849263
2775,8.909155471042666
2776,6.087971993767917
2777,9.086257407002908
2778,9.04625249818127
2779,6.071745043535513
2780,8.973192403472474
2781,2.318540163552095
2782,8.930450967578846
2783,9.011730060966162
2784,8.99564920483078
2785,8.98010935865285
2786,8.979729131576713
2787,9.044639517703686
2788,5.915955865007646
2789,5.996475035846946
2790,9.074639721161306
2791,8.957589389219757
2792,9.079794767041411
2793,9.045880732401523
2794,8.989530920562283
2795,8.963484759684563
2796,9.006684079877688
2797,9.014574982361134
2798,6.102865044811386
2799,9.061217174110636
2800,2.326377670913593
2801,6.082142511003976
2802,6.143476089482321
2803,9.040329630495826
2804,9.007153500730524
2805,8.996051621825671
2806,6.074992119918161
2807,2.424839893065508
2808,8.97867251531932
2809,8.91902723643191
2810,6.047334710970216
2811,9.007767249091758
2812,8.94442398464529
2813,8.922445152760957
2814,6.078582888855412
2815,8.934877896980582
2816,8.977462951386315
2817,8.96512138030962
2818,6.116225398994166
2819,9.091337678615442
2820,9.035189137297605
2821,9.15820082364289
2822,8.10836233561772
2823,6.03484852929979
2824,6.095911897733991
2825,9.116542858789108
2826,9.056391884086244
2827,9.128139550278089
2828,8.990075827689292
2829,8.974427033465634
2830,9.061264759218306
2831,8.935025664482417
2832,9.044707006801943
2833,8.949155516521824
2834,9.098996974136266
2835,6.11021179337158
2836,6.0533466882639715
2837,9.039241544530658
2838,9.037218177614369
2839,6.052342628436799
2840,8.982456811752446
2841,2.324318953990725
2842,6.0373971173929775
2843,8.967296719017472
2844,6.094471647997888
2845,8.961164687895144
2846,9.086429488210015
2847,8.94207815786686
2848,8.980673440740297
2849,9.027170226209119
2850,8.909522045886485
2851,8.959259605409674
2852,8.961540260401385
2853,5.781136022858957
2854,9.030325257365648
2855,8.925586295955448
2856,6.110765567642515
2857,9.051448837912245
2858,5.951725656436305
2859,6.017374934380996
2860,8.912422467076974
2861,9.071373875055988
2862,9.028559701079255
2863,8.999433806465035
2864,8.946480465960013
2865,9.080242163049391
2866,8.96642580542127
2867,6.061922973776147
2868,8.970164377231718
2869,9.041328957550878
2870,9.024759670574628
2871,9.049529606828266
2872,9.065490278431357
2873,9.015234411182517
2874,6.037570220321769
2875,8.925174145315655
2876,2.1836855532748096
2877,8.896943120444808
2878,8.985011346557087
2879,6.03585835267404
2880,8.916080442470527
2881,8.964717224866883
2882,9.062153989371415
2883,6.024875201524362
2884,8.921630351584342
2885,9.036097593263593
2886,6.1093101116713395
2887,8.936645513272714
2888,9.037711722481411
2889,9.157302789910942
2890,8.925087293854293
2891,9.073283856190322
2892,9.007095368107757
2893,6.084508759378764
2894,6.0229457578650285
2895,6.040151577203594
2896,5.881546958205277
2897,8.991520212357475
2898,6.119025771414939
2899,2.429896905617854
2900,8.946081514482561
2901,6.0028421698243175
2902,9.064184658733607
2903,9.004684836080644
2904,6.146942052357701
2905,9.100806430072202
2906,9.119778185493127
2907,6.067611239834654
2908,9.103578407424717
2909,9.060522552107757
2910,9.091439631526988
2911,6.066811104265963
2912,8.989856296069531
2913,6.0975820815469115
2914,8.980983844455322
2915,8.997892258391973
2916,6.007535852471568
2917,8.995539680744896
2918,6.000680707257246
2919,8.960987479419034
2920,8.981205503958865
2921,8.998993481645195
2922,8.97083767905556
2923,6.106490910777998
2924,8.989605793758656
2925,9.079121063945122
2926,8.961064080923357
2927,9.007284678764728
2928,8.956671762002147
2929,9.077049142742991
2930,6.164158829051539
2931,9.058482153639106
2932,8.965386580457826
2933,8.983730565726704
2934,9.033488612452587
2935,8.961352929667477
2936,9.002219772766464
2937,9.018756349975805
2938,9.044581680403123
2939,9.016825813009865
2940,8.964966222403548
2941,6.02914526404895
2942,8.918741964600143
2943,8.923761785419726
2944,9.03653731366941
2945,8.97212616880174
2946,6.084358072757759
2947,8.93421816898755
2948,9.085149031971072
2949,8.975119435898918
2950,9.061187793270031
2951,6.092388592109334
2952,6.147659369158763
2953,8.989920211934335
2954,6.030163326612731
2955,5.936700119059971
2956,9.0594595173031
2957,9.026720552128184
2958,8.928047859007593
2959,6.090640906680293
2960,9.147877485268323
2961,9.05230322647802
2962,8.971744967324561
2963,5.982112529639616
2964,8.950001717113098
2965,8.976773257904565
2966,2.453763965230828
2967,8.960287931392244
2968,6.078274924981708
2969,8.93273682962353
2970,9.035079860512864
2971,6.133690418205866
2972,9.039089382720364
2973,9.029210059100576
2974,5.989508260716885
2975,9.015561896896399
2976,6.128926906700313
2977,6.0847194802773386
2978,9.017268941892175
2979,9.736833287823
2980,9.025691334215097
2981,8.951695057608369
2982,9.088472281856415
2983,6.11421976550369
2984,9.009474328540264
2985,2.2023664758380024
2986,8.910451657952912
2987,9.002537045876569
2988,8.998566691883068
2989,6.136187029807788
2990,8.875193300016278
2991,9.008685497645077
2992,6.1081284397356175
2993,5.920063806033742
2994,5.934694576132345
2995,9.18871471044808
2996,8.95372036012382
2997,8.942081640053047
2998,8.972518828348809
2999,8.962287967997812
3000,8.954348446221543
3001,8.973991850291247
3002,9.020204972561448
3003,5.989895015941513
3004,6.002806930531736
3005,6.141489622238092
3006,9.011055048741616
3007,8.93074295314188
3008,8.928212613390945
3009,9.096611883987011
3010,9.056698290007802
3011,5.996938445146392
3012,9.04809507047907
3013,9.06097558969615
3014,9.094135213244897
3015,6.136319559126651
3016,6.04953859934817
3017,8.96018678260259
3018,6.047757836048428
3019,8.891365108326331
3020,8.912022793839911
3021,6.025264881747114
3022,8.961588054498076
3023,6.119434062476041
3024,6.138311038266579
3025,9.083938180786603
3026,8.93760387001204
3027,9.079724743523458
3028,8.923972179437076
3029,8.946381175214274
3030,9.042557936518593
3031,6.04320211244556
3032,6.024479292809413
3033,9.063080807191932
3034,9.052840329370353
3035,9.017024285917184
3036,2.266613122343079
3037,6.094771086279863
3038,6.061635478224241
3039,8.971500535979139
3040,9.030853531283134
3041,6.062136765097697
3042,9.164574871691277
3043,8.289176039510354
3044,8.919779301477481
3045,9.07041751920682
3046,9.057863316125907
3047,9.066703339157954
3048,5.917983626638598
3049,8.986123802251463
3050,6.110801876600341
3051,8.922249180411571
3052,9.100013105660992
3053,8.933778990266077
3054,6.0598925319241514
3055,8.973754051522564
3056,9.038158424516851
3057,9.003967040865279
3058,8.911600808854482
3059,8.988259105365893
3060,6.043565970907018
3061,8.98798303493445
3062,8.974592634689103
3063,6.071508746428552
3064,9.040884491575413
3065,9.025945548874498
3066,2.505247557036066
3067,8.977019986144553
3068,6.175818369272415
3069,2.359137146090416
3070,8.972255735787138
3071,6.090890543850589
3072,8.857500912828053
3073,9.045033665362144
3074,6.039363202685073
3075,8.946961820909847
3076,9.025893529876825
3077,9.035780054956923
3078,9.0499082972519
3079,8.962842265896809
3080,9.021300088484823
3081,8.924992561605622
3082,6.065703324148622
3083,8.950725391572348
3084,6.069187078721267
3085,9.096062638493553
3086,9.007334324195465
3087,6.1134851831313535
3088,8.965518291073009
3089,8.88929193928819
3090,9.08365193126798
3091,9.092589552746016
3092,8.995353982340418
3093,8.956617222451527
3094,6.106515605603088
3095,8.97932327056695
3096,9.045495333003378
3097,9.048832184756096
3098,9.020738951890321
3099,8.936335927832573
3100,8.9224559550769
3101,2.2628285852681964
3102,8.972500008469318
3103,8.919912443405446
3104,6.024944152409956
3105,8.988329561840427
3106,8.935795648079184
3107,8.951600390595356
3108,8.946380004984448
3109,6.082038907795363
3110,8.940682279804497
3111,5.894541011062058
3112,8.888145489085503
3113,6.000270734413856
3114,8.994679654410083
3115,9.151549083744461
3116,9.053368442731022
3117,6.12211148273993
3118,8.95637982935311
3119,8.910133970915636
3120,6.061883019892891
3121,9.026455904172465
3122,9.00843232603442
3123,6.099979949878435
3124,8.947516137420719
3125,8.929889195643597
3126,8.979029826508793
3127,9.248921664003184
3128,8.959396590854666
3129,5.882764013520541
3130,9.029716060899874
3131,2.442423300171594
3132,9.01061052091771
3133,9.008960940799604
3134,9.01484435900085
3135,8.934288842451302
3136,5.985270973258338
3137,9.020546296678152
3138,8.894070826775327
3139,8.929026995553784
3140,8.98029154974977
3141,8.92078752360885
3142,8.989636412053589
3143,9.110479855760584
3144,8.95833612114299
3145,8.984934661678077
3146,6.089320713754969
3147,6.048099622580063
3148,6.0388115036491055
3149,9.231522202612334
3150,8.957136683739074
3151,9.001637202964117
3152,8.944077935778456
3153,9.062012519604625
3154,6.06736059171475
3155,6.000808595741614
3156,9.018244670954244
3157,8.985227302240963
3158,9.034029117112075
3159,9.17941692714915
3160,6.121356399245399
3161,6.045130245500623
3162,8.927411945292352
3163,9.024378158353139
3164,9.013114090883478
3165,6.079244248013772
3166,9.048535059006609
3167,9.042064390233877
3168,9.044499303983331
3169,6.070479835142084
3170,9.293752993023613
3171,8.991563170193254
3172,8.953833416545137
3173,8.993121324399528
3174,8.932092327353676
3175,8.848977166404515
3176,8.947514585278281
3177,6.024336776108069
3178,6.136637983287709
3179,5.968190677627149
3180,9.011884776183967
3181,9.02231388697638
3182,5.979037956799233
3183,6.020624490103591
3184,8.990348163401267
3185,9.02661547164719
3186,6.0493582868038285
3187,8.999013099662287
3188,6.00450421069465
3189,9.014318829422107
3190,8.964617616829374
3191,8.904016226876635
3192,9.027051420891805
3193,8.99075073102907
3194,9.053268500506903
3195,2.423490997747669
3196,9.00781266013471
3197,8.94313724789418
3198,9.041969246735288
3199,8.993416334756896
3200,9.081610368053965
3201,9.054364049274295
3202,8.987582311521834
3203,8.95584889836798
3204,8.860160499531712
3205,8.961101076074431
3206,8.982099584364288
3207,2.3813215216094963
3208,6.043992970435336
3209,6.026402068842247
3210,8.984949381627901
3211,6.101000226307033
3212,8.927605082839857
3213,8.994811676929722
3214,6.095193428512346
3215,9.070661261647205
3216,9.01678908461447
3217,9.055250530287227
3218,9.09000583443035
3219,8.92142056415847
3220,6.178276581342568
3221,8.930605070898672
3222,9.007220455134393
3223,8.993771551678293
3224,8.875470258593252
3225,8.949783007202152
3226,9.100534230949984
3227,8.926378650795106
3228,8.930156088820244
3229,8.957700186712742
3230,6.071299386759973
3231,8.924194801287426
3232,9.05758784163794
3233,9.022421164904461
3234,6.057309777915473
3235,8.944499764963977
3236,6.084193149647248
3237,6.042134411935246
3238,5.968564714694095
3239,9.01115760423348
3240,5.959903820105104
3241,9.03712038346278
3242,9.017545172070127
3243,8.983609833420832
3244,8.99306464559714
3245,5.994925526683267
3246,5.954260681314432
3247,6.06417133061144
3248,9.00615399131141
3249,5.975436026433244
3250,8.979181650843175
3251,9.05087980841245
3252,9.00222341784097
3253,9.057775509866401
3254,8.975025055372848
3255,8.998893554055336
3256,1.9003982043470384
3257,6.062136673935899
3258,8.999526317398129
3259,9.015480124189223
3260,6.023698479231456
3261,6.081640287465224
3262,9.074113712444971
3263,8.992262581303823
3264,2.178112237211327
3265,6.106515324029633
3266,8.92981693309363
3267,9.079171131369199
3268,9.107986744642112
3269,8.933154795796897
3270,9.00812381363859
3271,8.97757801347595
3272,8.987227549933147
3273,6.094332460817826
3274,6.032750157133187
3275,9.01677802665681
3276,6.089439671101334
3277,5.975555153315168
3278,8.956838412343657
3279,6.059540477524021
3280,8.9440735376647
3281,9.004189524684028
3282,9.062922023472032
3283,2.4083390739074337
3284,9.045527860503926
3285,6.037645564495028
3286,9.024133156514395
3287,9.062847601263924
3288,9.017975674253043
3289,9.057417313716877
3290,9.02066630551764
3291,9.039632229279372
3292,6.044685688860251
3293,9.006113982866934
3294,9.01387604838013
3295,9.136723765809474
3296,8.998122414827037
3297,8.94207324993568
3298,5.918052218476195
3299,6.037100754941395
3300,6.0858703179430655
3301,6.079136179432585
3302,9.071743621372002
3303,9.053064110448743
3304,9.053818448648126
3305,8.945975969892745
3306,8.970905772133612
3307,8.962791897441223
3308,2.4177262321996875
3309,8.955952156312954
3310,6.13036457503501
3311,2.5016819863039523
3312,9.055223777031287
3313,6.059781709953019
3314,9.020120091007145
3315,6.094574314924065
3316,8.953647426071292
3317,6.115869617858922
3318,8.979502174008115
3319,5.929271949423196
3320,8.93380640638795
3321,9.100410851895843
3322,6.129966158112891
3323,9.021183938948772
3324,8.901454251357752
3325,8.952172876946873
3326,9.10710752226746
3327,9.087065581451178
3328,9.009521839305318
3329,9.078214636933899
3330,9.053272915255228
3331,5.979604793699387
3332,6.086624366086118
3333,6.0647340286734215
3334,9.059581444043879
3335,6.165254557431687
3336,6.065867152888533
3337,9.051546424700552
3338,6.18170705758405
3339,8.941360903567414
3340,9.016706946637527
3341,8.99146134308907
3342,5.91685925547326
3343,9.01911436104082
3344,9.157804127972685
3345,6.1021600118245765
3346,8.93734897957005
3347,6.044311176633867
3348,9.020523567919271
3349,9.04953556789246
3350,6.085237904932954
3351,8.993772591549018
3352,8.989727148898687
3353,6.091591570870911
3354,9.069672090361564
3355,9.029149349418338
3356,9.01981405421242
3357,5.969568245111187
3358,9.092530402181694
3359,8.968557367187932
3360,9.127828912882395
3361,6.082953615035256
3362,6.092329367189871
3363,9.010963088553387
3364,6.12992275160479
3365,8.99767323433543
3366,2.407679583081812
3367,6.088200372063232
3368,6.040481664511992
3369,9.186749485082032
3370,8.987740313793992
3371,8.983985136738928
3372,8.98832750659927
3373,8.850045308942374
3374,9.127146525168975
3375,6.103002711967026
3376,6.022625672745108
3377,5.95402985936957
3378,8.93568146783415
3379,9.016333501109086
3380,9.078140546106008
3381,9.072072273509615
3382,8.918987263362618
3383,9.088298699846824
3384,6.086183319772623
3385,5.97666676773956
3386,8.97524395929354
3387,8.98841303568675
3388,8.99325442084505
3389,6.089390436573838
3390,6.041730991506748
3391,8.98092469124295
3392,9.025427709459844
3393,6.120002574526573
3394,9.069640719046099
3395,6.1371050814367045
3396,6.0218509109891905
3397,9.030133854835144
3398,5.941186334174373
3399,9.00339107706195
3400,9.073384731242383
3401,6.1170823508974586
3402,8.959346847753435
3403,8.999268881690693
3404,2.3945682053342487
3405,9.04721025627166
3406,9.014858934104417
3407,9.043163314567149
3408,9.03310529316589
3409,9.076834851818449
3410,9.010465677119463
3411,6.072496393131179
3412,8.92829405485217
3413,8.943098067167927
3414,8.94268620984274
3415,9.114693433970622
3416,8.933000510052931
3417,8.936087034870587
3418,6.0459562616178015
3419,9.034526361079523
3420,5.955755135203008
3421,6.0824101796487575
3422,9.04616838489294
3423,8.924768665065626
3424,6.093104659076175
3425,6.032612676591456
3426,8.96315615061524
3427,8.908166292363571
3428,9.156960101783998
3429,6.072546222248913
3430,8.998328815489547
3431,8.869076490367217
3432,8.959472413139082
3433,8.931347212289054
3434,9.046815989399853
3435,6.171348183004141
3436,8.988666191487921
3437,8.94920677264687
3438,8.8613113467489
3439,8.992239629867019
3440,8.996845890018061
3441,8.972008767092326
3442,6.067785625637515
3443,6.048100126916603
3444,2.286445770804982
3445,9.049253556304992
3446,8.95745590156953
3447,8.95908356581312
3448,8.951699213363527
3449,9.072663913650064
3450,9.008183964941912
3451,9.053988868390583
3452,9.701413003028797
3453,6.130140724258666
3454,8.991735771874458
3455,9.110968343302758
3456,8.92119266942803
3457,5.983904848123347
3458,9.104899353823098
3459,9.029448393955684
3460,8.93983306991654
3461,9.129114244005443
3462,8.890330208254197
3463,8.916776175643234
3464,8.915448587253408
3465,9.044240879803182
3466,8.995710058661418
3467,5.966923095563597
3468,8.97672385181989
3469,8.989323099399876
3470,8.88761499003607
3471,9.050218237541344
3472,8.925423346712224
3473,8.890557910533964
3474,8.9823157477691
3475,8.96912556559858
3476,8.985512323912664
3477,6.045274391519362
3478,8.90299901624762
3479,8.923366525339416
3480,8.992428589857903
3481,8.936820259322149
3482,5.957771900585683
3483,8.96001210929778
3484,6.015884525327815
3485,8.91815409151263
3486,2.353000652333298
3487,8.983853161737466
3488,6.0133806838559005
3489,9.019860410572372
3490,5.9566109184853575
3491,9.064224538283378
3492,6.07813872011665
3493,6.022295003264366
3494,6.173598334642047
3495,8.88238946442021
3496,9.02228570413427
3497,8.923838240044166
3498,8.902163636085902
3499,6.138693400106675
3500,9.045296970106557
3501,2.1115020680595533
3502,6.138513517303432
3503,8.995442089073487
3504,9.042329266101522
3505,9.09816217628679
3506,8.908162306392516
3507,9.005534761044238
3508,8.969732053854045
3509,9.064855095598327
3510,5.975017343666762
3511,8.921090816149198
3512,9.052886199314678
3513,8.97964534009644
3514,9.030957657970733
3515,8.979579443787971
3516,9.001438544067868
3517,9.075197905384083
3518,6.035946528385267
3519,8.976294920177363
3520,8.964802980152852
3521,9.13200500118577
3522,9.018103354347048
3523,8.997041073298037
3524,5.985794427724701
3525,6.066889869590313
3526,9.075197905384083
3527,8.903228402292847
3528,8.90418842381903
3529,8.111614231562065
3530,8.930745559042808
3531,9.047033686194947
3532,8.923348642134481
3533,8.953967640034355
3534,9.068641088521975
3535,8.92077690593899
3536,6.131351330122206
3537,8.907862992841432
3538,8.973200124231305
3539,8.91045545011311
3540,6.156822624971905
3541,9.048499768997319
3542,8.963012568513674
3543,8.935332757618838
3544,8.319689831383812
3545,6.102970474523548
3546,8.972406190552967
3547,9.048555915473633
3548,8.96473150647734
3549,9.001100326212113
3550,9.04172653379491
3551,8.965040627738015
3552,9.034271864270924
3553,9.014131589430812
3554,6.076174877416293
3555,5.9746932670513555
3556,6.0502137684971515
3557,9.064763180343416
3558,9.087678746487022
3559,6.147575010835949
3560,8.930815503981142
3561,9.055977554400505
3562,8.901696292974671
3563,6.090645754314716
3564,9.061393994515186
3565,2.185409256933026
3566,9.047591375256452
3567,9.063722147964373
3568,6.002549881004138
3569,8.908656244987634
3570,6.00093458027212
3571,6.095670470262743
3572,6.055198558123768
3573,8.986039142093647
3574,9.07260294350338
3575,6.014591284152039
3576,9.018765959076363
3577,9.02443180605752
3578,6.048905548190462
3579,8.983169269924256
3580,8.955865597239164
3581,6.021961144978135
3582,9.050715947650271
3583,8.99521351015605
3584,9.07677175423706
3585,6.092606995502549
3586,8.906552675168358
3587,2.3110624570776874
3588,9.047727288833643
3589,5.953922283836043
3590,9.067653656456184
3591,8.983391985274114
3592,6.039856226267153
3593,8.9504039734804
3594,6.116101595073086
3595,9.059056249380774
3596,9.058923135938272
3597,6.026284362713754
3598,5.978555787925867
3599,8.932377937843167
3600,6.090599556692645
3601,2.4521479642676924
3602,9.020282212997143
3603,8.97240639282219
3604,8.974564844667777
3605,9.037109143447926
3606,9.086019329180564
3607,5.995978697757878
3608,8.99318764146972
3609,9.027420617036253
3610,6.119037289513967
3611,9.17420933695615
3612,8.926833386524887
3613,6.059932975740736
3614,8.96578076215984
3615,9.083708068853955
3616,8.999201247756366
3617,6.028784051589481
3618,9.006659095863377
3619,6.131268061231197
3620,9.068281075785329
3621,8.976083423638157
3622,8.94775646711727
3623,6.083676391593987
3624,5.977734844788923
3625,9.015878373060712
3626,9.16102014333666
3627,9.00594842262226
3628,5.983238432520438
3629,6.081329112882906
3630,9.065393824551766
3631,9.082935117080956
3632,8.991287527771457
3633,6.042075864515046
3634,6.123513717985944
3635,8.993508894099262
3636,9.034162512235795
3637,8.973193168086187
3638,8.987236154327165
